Predicted Location,Actual Location
room_5143_6_1,room_5143_4_1
room_5143_6_1,room_5143_4_1
room_5143_6_1,room_5143_4_1
room_5143_6_1,room_5143_4_1
room_5143_6_1,room_5143_4_1
room_5143_6_1,room_5143_4_1
room_5143_6_1,room_5143_4_1
room_5143_7_1,room_5143_1_1
room_5143_7_1,room_5143_3_1
room_5143_9_4,room_5143_4_1
room_5143_9_4,room_5143_4_1
room_5143_1_3,room_5143_1_1
room_5143_3_3,room_5143_3_1
room_5141_1_3,room_5143_2_1
room_5143_7_1,room_5143_3_1
room_5143_3_5,room_5143_3_1
hall_5143_2_4,room_5143_2_1
room_5143_3_4,room_5143_3_2
hall_5143_2_5,room_5143_2_2
room_5143_3_4,room_5143_3_2
room_5143_1_5,room_5143_1_3
room_5143_2_4,room_5143_2_2
stair_5_r_3,room_5143_5_2
stair_5_r_3,room_5143_5_2
stair_5_r_3,room_5143_5_2
room_5141_1_3,room_5143_2_2
stair_5_r_3,room_5143_5_2
stair_5_r_3,room_5143_5_2
stair_5_r_3,room_5143_5_2
room_5141_1_3,room_5143_2_2
room_5143_1_5,room_5143_1_3
room_5143_2_5,room_5143_2_3
room_5141_2_4,room_5143_1_4
room_5143_8_1,room_5143_2_3
hall_5143_2_4,room_5143_2_3
room_5141_2_4,room_5143_1_4
room_5143_2_5,room_5143_2_3
room_5143_8_3,room_5143_2_3
room_5141_1_4,room_5143_2_3
room_5143_1_1,room_5143_1_4
room_5143_2_5,room_5143_2_3
room_5141_5_2,room_5143_1_4
room_5141_3_5,room_5143_1_4
room_5143_2_5,room_5143_2_3
room_5143_5_4,room_5143_1_4
room_5141_2_4,room_5143_1_4
room_5141_2_4,room_5143_1_5
room_5141_1_3,room_5143_2_3
room_5141_6_2,room_5143_2_4
room_5141_2_3,room_5143_1_5
room_5141_2_4,room_5143_1_5
room_5143_1_3,room_5143_1_5
room_5141_2_4,room_5143_1_5
room_5143_8_1,room_5143_2_4
room_5143_2_2,room_5143_2_4
room_5143_1_1,room_5143_7_1
room_5141_1_3,room_5143_2_5
room_5143_8_3,room_5143_2_5
room_5143_1_1,room_5143_7_1
room_5143_1_1,room_5143_7_1
room_5143_1_1,room_5143_7_1
room_5143_1_1,room_5143_7_1
room_5143_2_3,room_5143_2_5
room_5143_3_3,room_5143_3_5
room_5143_1_5,room_5143_7_2
room_5143_3_3,room_5143_3_5
room_5143_3_3,room_5143_3_5
hall_5143_2_1,room_5143_3_5
room_5143_1_5,room_5143_7_2
room_5143_3_3,room_5143_3_5
room_5143_7_4,room_5143_7_2
room_5143_3_3,room_5143_3_5
room_5143_3_3,room_5143_3_5
room_5143_6_4,room_5143_9_2
room_5143_6_4,room_5143_9_2
room_5143_6_4,room_5143_9_2
stair_5_r_0,room_5143_9_2
room_5141_5_3,room_5143_7_3
room_5143_6_4,room_5143_9_3
room_5143_6_4,room_5143_9_3
room_5143_7_4,room_5143_9_3
room_5141_8_1,room_5143_8_2
room_5143_7_2,room_5143_9_3
room_5141_3_1,room_5143_8_5
room_5141_6_2,room_5143_8_2
room_5143_7_5,room_5143_9_3
room_5141_8_1,room_5143_8_5
room_5141_6_2,room_5143_8_2
room_5141_2_4,room_5143_7_3
room_5141_8_3,room_5143_8_5
room_5141_2_4,room_5143_7_3
room_5141_8_2,room_5143_8_5
room_5141_2_4,room_5143_7_3
room_5141_9_5,room_5143_7_3
room_5143_7_2,room_5143_7_4
room_5141_2_4,room_5143_7_4
room_5141_5_5,room_5143_7_4
room_5143_1_5,room_5143_7_4
room_5141_2_4,room_5143_7_4
room_5143_7_2,room_5143_7_4
room_5141_8_2,room_5143_8_4
room_5143_1_2,room_5143_8_4
room_5141_8_3,room_5143_8_4
room_5141_8_2,room_5143_8_4
room_5141_8_2,room_5143_8_4
room_5143_9_1,toilet_5_3_0
room_5143_9_1,toilet_5_3_0
room_5143_9_1,toilet_5_3_0
room_5143_9_1,toilet_5_3_0
room_5143_9_1,toilet_5_3_0
room_5143_9_1,toilet_5_3_0
stair_6_r_0,toilet_5_3_0
stair_6_r_0,toilet_5_3_0
stair_6_r_0,toilet_5_3_0
stair_6_r_0,toilet_5_3_0
stair_6_r_0,toilet_5_3_0
stair_6_r_0,toilet_5_3_0
room_5143_9_1,toilet_5_3_0
room_5141_1_1,room_5143_8_3
room_5143_9_1,toilet_5_3_0
room_5143_9_1,toilet_5_3_0
room_5143_9_1,toilet_5_3_0
room_5143_9_1,toilet_5_3_0
stair_5_r_1,toilet_5_3_0
stair_5_r_2,toilet_5_3_0
stair_5_r_2,toilet_5_3_0
stair_5_r_2,toilet_5_3_0
room_5143_9_1,toilet_5_3_0
room_5141_3_1,room_5141_1_1
room_5141_3_1,room_5141_1_1
room_5141_1_3,room_5141_1_1
room_5143_1_4,room_5141_2_1
room_5141_5_2,room_5141_2_1
hall_5143_2_2,room_5141_1_1
room_5143_9_1,toilet_5_2_0
hall_5141_1_3,toilet_5_2_0
room_5141_1_3,room_5141_1_1
hall_5141_2_3,room_5141_1_1
toilet_5_7_0,toilet_5_2_0
toilet_5_7_0,toilet_5_2_0
room_5143_1_4,room_5141_2_1
stair_5_r_2,toilet_5_2_0
stair_5_r_2,toilet_5_2_0
stair_5_r_2,toilet_5_2_0
stair_5_r_2,toilet_5_1_0
hall_5143_1_5,toilet_5_1_0
hall_5141_1_3,toilet_5_1_0
room_5143_9_1,toilet_5_1_0
hall_5143_1_5,toilet_5_1_0
room_5143_9_1,toilet_5_1_0
stair_5_r_2,toilet_5_1_0
stair_5_r_2,toilet_5_1_0
stair_5_r_2,toilet_5_1_0
stair_5_r_2,toilet_5_1_0
stair_5_r_2,toilet_5_1_0
stair_5_r_2,toilet_5_1_0
room_5143_9_1,toilet_5_1_0
room_5143_9_1,toilet_5_1_0
room_5143_9_1,toilet_5_1_0
room_5143_9_1,toilet_5_1_0
room_5143_9_1,toilet_5_1_0
room_5143_9_1,toilet_5_1_0
toilet_5_6_0,toilet_5_4_0
toilet_5_6_0,toilet_5_4_0
toilet_5_6_0,toilet_5_4_0
toilet_5_6_0,toilet_5_4_0
toilet_5_6_0,toilet_5_4_0
toilet_5_6_0,toilet_5_4_0
stair_5_r_2,toilet_5_4_0
room_5141_4_3,room_5141_2_2
stair_5_r_2,toilet_5_4_0
stair_5_r_2,toilet_5_4_0
stair_5_r_2,toilet_5_4_0
stair_5_r_2,toilet_5_4_0
stair_5_r_2,toilet_5_4_0
toilet_5_6_0,toilet_5_4_0
hall_5143_1_5,room_5141_1_2
toilet_5_6_0,toilet_5_4_0
toilet_5_6_0,toilet_5_4_0
toilet_5_6_0,toilet_5_4_0
room_5141_5_2,room_5141_2_2
toilet_5_6_0,toilet_5_4_0
toilet_5_6_0,toilet_5_4_0
stair_5_r_2,toilet_5_4_0
stair_5_r_2,toilet_5_4_0
stair_5_r_2,toilet_5_4_0
stair_5_r_2,toilet_5_4_0
stair_5_r_2,toilet_5_4_0
stair_5_r_2,toilet_5_4_0
hall_5143_1_4,room_5141_1_2
stair_5_r_2,toilet_5_4_0
stair_5_r_2,toilet_5_4_0
stair_5_r_2,toilet_5_4_0
stair_5_r_2,toilet_5_4_0
stair_5_r_2,toilet_5_4_0
stair_5_r_2,toilet_5_4_0
stair_5_r_2,toilet_5_5_0
stair_5_r_2,toilet_5_5_0
stair_5_r_2,toilet_5_5_0
stair_5_r_2,toilet_5_5_0
stair_5_r_2,toilet_5_5_0
stair_5_r_2,toilet_5_5_0
room_5141_3_1,room_5141_1_2
stair_5_r_2,toilet_5_5_0
stair_5_r_2,toilet_5_5_0
hall_5141_1_3,toilet_5_5_0
stair_5_l_1,toilet_5_5_0
room_5143_9_1,toilet_5_5_0
room_5143_9_1,toilet_5_5_0
room_5143_9_1,toilet_5_5_0
room_5143_9_1,toilet_5_5_0
room_5143_9_1,toilet_5_5_0
room_5143_9_1,toilet_5_5_0
stair_6_r_0,toilet_5_5_0
stair_6_r_0,toilet_5_5_0
hall_5143_1_5,room_5141_1_2
stair_6_r_0,toilet_5_5_0
stair_6_r_0,toilet_5_5_0
stair_6_r_0,toilet_5_5_0
stair_6_r_0,toilet_5_5_0
stair_5_r_2,toilet_5_5_0
stair_5_r_2,toilet_5_5_0
stair_5_r_2,toilet_5_5_0
stair_5_r_2,toilet_5_5_0
stair_5_r_2,toilet_5_5_0
stair_5_r_2,toilet_5_5_0
toilet_5_7_0,toilet_5_5_0
toilet_5_7_0,toilet_5_5_0
stair_5_r_2,toilet_5_6_0
stair_5_r_2,toilet_5_6_0
stair_5_r_2,toilet_5_6_0
stair_5_r_2,toilet_5_6_0
stair_5_r_2,toilet_5_6_0
stair_5_r_2,toilet_5_6_0
room_5143_1_5,room_5141_2_3
stair_5_r_2,toilet_5_6_0
stair_5_r_2,toilet_5_6_0
stair_5_r_2,toilet_5_6_0
stair_5_r_2,toilet_5_6_0
stair_5_r_2,toilet_5_6_0
stair_5_r_2,toilet_5_6_0
room_5141_5_1,room_5141_2_3
room_5141_2_5,room_5141_2_3
stair_5_r_2,toilet_5_7_0
stair_5_r_2,toilet_5_7_0
stair_5_r_2,toilet_5_7_0
stair_5_r_2,toilet_5_7_0
stair_5_r_2,toilet_5_7_0
stair_5_r_2,toilet_5_7_0
stair_5_r_2,toilet_5_7_0
stair_5_r_2,toilet_5_7_0
stair_5_r_2,toilet_5_7_0
stair_5_r_2,toilet_5_7_0
stair_5_r_2,toilet_5_7_0
stair_5_r_2,toilet_5_7_0
room_5143_1_4,room_5141_2_3
hall_5141_2_7,room_5141_2_3
room_5141_2_5,room_5141_2_3
room_5141_3_1,room_5141_1_3
room_5141_2_1,room_5141_3_3
room_5141_3_1,room_5141_1_3
hall_5141_2_3,room_5141_1_3
hall_5141_2_3,room_5141_1_3
room_5141_2_1,room_5141_2_4
room_5141_3_1,room_5141_1_3
room_5141_5_3,room_5141_2_4
room_5141_2_1,room_5141_2_4
room_5141_5_5,room_5141_2_4
room_5141_5_1,room_5141_2_4
room_5143_1_5,room_5141_2_4
room_5141_5_3,room_5141_2_4
room_5141_3_1,room_5141_1_3
hall_5141_2_3,room_5141_1_3
room_5141_5_1,room_5141_2_4
room_5141_3_1,room_5141_1_3
room_5141_3_1,room_5141_3_3
room_5143_7_4,room_5141_2_4
room_5141_2_1,room_5141_3_3
room_5141_5_1,room_5141_2_4
room_5141_1_2,room_5141_1_4
room_5141_3_1,room_5141_3_3
hall_5141_1_4,room_5141_1_4
room_5141_1_2,room_5141_1_4
room_5141_1_2,room_5141_1_4
room_5141_1_2,room_5141_1_4
room_5141_1_2,room_5141_1_4
hall_5141_1_4,room_5141_1_4
room_5141_1_2,room_5141_1_4
room_5141_5_5,room_5141_2_5
room_5141_1_2,room_5141_1_4
room_5141_1_2,room_5141_1_4
room_5143_2_5,room_5141_1_4
hall_5141_1_1,room_5141_1_4
room_5141_1_2,room_5141_1_4
room_5141_9_5,room_5141_2_5
hall_5141_1_4,room_5141_1_4
room_5141_5_4,room_5141_2_5
hall_5141_1_4,room_5141_1_5
room_5141_3_1,room_5141_3_4
room_5141_1_1,room_5141_1_5
hall_5141_1_4,room_5141_1_5
room_5141_1_2,room_5141_1_5
room_5141_5_3,room_5141_5_1
room_5141_2_4,room_5141_5_1
room_5141_8_1,room_5141_3_4
room_5141_8_3,room_5141_3_4
room_5141_1_3,room_5141_1_5
hall_5141_1_4,room_5141_1_5
room_5141_1_1,room_5141_1_5
room_5141_1_2,room_5141_1_5
room_5141_3_1,room_5141_3_4
room_5141_2_4,room_5141_5_1
room_5141_1_3,room_5141_1_5
room_5141_2_4,room_5141_5_1
room_5141_2_3,room_5141_5_1
room_5141_8_1,room_5141_3_5
room_5141_8_4,room_5141_3_5
room_5141_8_1,room_5141_3_5
room_5141_3_1,room_5141_3_5
room_5141_8_4,room_5141_3_5
room_5143_7_4,room_5141_3_5
room_5141_5_5,room_5141_5_2
room_5141_8_3,room_5141_3_5
room_5141_8_3,room_5141_3_5
room_5141_8_4,room_5141_3_5
room_5141_3_3,room_5141_3_5
room_5141_5_4,room_5141_5_2
room_5141_2_5,room_5141_5_2
room_5143_8_3,room_5141_6_1
room_5141_2_1,room_5141_3_5
room_5143_8_3,room_5141_6_1
room_5141_8_4,room_5141_3_5
room_5141_8_4,room_5141_3_5
room_5141_5_1,room_5141_3_5
room_5141_8_4,room_5141_3_5
room_5141_2_5,room_5141_5_2
room_5141_2_5,room_5141_5_2
room_5141_5_1,room_5141_3_5
room_5141_2_5,room_5141_5_2
room_5141_2_1,room_5141_3_5
room_5141_2_1,room_5141_5_2
room_5141_2_3,room_5141_5_2
room_5141_6_4,room_5141_6_1
room_5141_8_4,room_5141_3_5
room_5141_2_1,room_5141_5_2
room_5141_8_1,room_5141_3_5
room_5141_2_4,room_5141_5_2
room_5141_8_3,room_5141_3_5
room_5141_8_4,room_5141_3_5
room_5141_2_5,room_5141_5_3
room_5141_2_4,room_5141_5_3
room_5141_5_1,room_5141_5_3
room_5141_2_4,room_5141_5_3
room_5141_2_4,room_5141_5_3
room_5141_2_5,room_5141_5_3
room_5141_5_4,room_5141_8_1
room_5141_6_5,room_5141_6_2
room_5141_6_5,room_5141_6_2
room_5141_1_5,room_5141_6_2
room_5141_9_2,room_5141_7_4
room_5141_9_2,room_5141_7_4
room_5141_9_2,room_5141_7_4
room_5141_9_2,room_5141_7_4
room_5141_9_2,room_5141_7_4
room_5141_9_2,room_5141_7_4
room_5141_9_5,room_5141_5_4
room_5143_2_5,room_5141_6_2
room_5141_6_4,room_5141_6_2
room_5141_3_1,room_5141_8_2
room_5143_7_3,room_5141_8_2
room_5141_2_5,room_5141_5_5
room_5141_9_5,room_5141_5_5
room_5141_2_3,room_5141_5_5
room_5141_2_5,room_5141_5_5
room_5141_2_5,room_5141_5_5
room_5141_3_1,room_5141_8_2
room_5141_9_5,room_5141_5_5
room_5141_9_5,room_5141_5_5
room_5141_3_1,room_5141_8_2
room_5141_3_1,room_5141_8_2
room_5141_5_4,room_5141_9_5
room_5141_5_4,room_5141_9_5
room_5141_5_4,room_5141_9_5
room_5141_5_4,room_5141_9_5
room_5141_5_4,room_5141_9_5
room_5141_5_4,room_5141_9_5
room_5141_5_4,room_5141_9_5
room_5141_6_3,room_5141_6_5
room_5141_5_4,room_5141_9_5
room_5141_8_1,room_5141_8_3
room_5141_9_2,room_5141_8_5
room_5141_9_2,room_5141_8_5
room_5141_9_2,room_5141_8_5
room_5141_9_2,room_5141_8_5
room_5141_9_2,room_5141_8_5
room_5141_9_2,room_5141_8_5
room_6141_9_2,room_5141_6_5
room_5143_9_4,room_5141_8_5
room_5143_9_4,room_5141_8_5
room_5143_9_4,room_5141_8_5
room_5143_9_4,room_5141_8_5
room_5143_9_4,room_5141_8_5
room_5143_9_4,room_5141_8_5
room_5141_8_1,room_5141_8_4
room_5141_3_1,room_5141_8_4
room_5141_8_1,room_5141_8_4
room_5141_8_1,room_5141_8_4
hall_5147_2_5,hall_5147_1_1
hall_5105_3_1,hall_5147_1_1
hall_5147_1_4,hall_5147_1_1
hall_5147_1_4,hall_5147_1_1
hall_5147_1_4,hall_5147_1_1
hall_5147_2_3,hall_5147_1_1
ev_5_3_3,hall_5147_1_2
hall_5105_4_2,hall_5147_1_2
hall_5105_3_1,hall_5147_1_2
hall_5105_3_1,hall_5147_1_2
hall_5105_3_1,hall_5147_1_2
hall_5105_4_1,hall_5147_1_2
stair_5_r_1,hall_5141_1_7
hall_5141_1_1,hall_5141_1_7
hall_5141_1_1,hall_5141_1_7
stair_5_r_1,hall_5141_1_7
hall_5147_2_5,hall_5147_1_2
stair_5_r_1,hall_5141_1_7
hall_5105_3_1,hall_5147_1_2
hall_5141_2_2,hall_5141_1_7
hall_5105_3_1,hall_5147_1_2
stair_5_r_1,hall_5141_1_7
stair_5_r_1,hall_5141_1_7
stair_5_r_1,hall_5141_1_7
stair_5_r_1,hall_5141_1_7
hall_5105_3_1,hall_5147_1_2
stair_5_r_0,hall_5141_1_7
hall_5105_3_1,hall_5147_1_2
hall_5105_3_1,hall_5147_1_2
hall_5105_3_1,hall_5147_1_2
hall_5105_4_1,hall_5147_1_2
hall_5141_3_7,hall_5141_1_8
hall_5105_4_1,hall_5147_1_2
hall_5141_3_7,hall_5141_1_8
hall_5141_3_7,hall_5141_1_8
hall_5141_3_7,hall_5141_1_8
hall_5141_3_7,hall_5141_1_8
hall_5141_3_7,hall_5141_1_8
hall_5105_4_2,hall_5147_1_2
hall_5141_3_7,hall_5141_1_8
hall_5141_3_7,hall_5141_1_8
hall_5141_3_7,hall_5141_1_8
hall_5141_1_4,hall_5141_1_8
hall_5105_3_1,hall_5147_1_2
hall_5141_3_7,hall_5141_1_8
hall_5141_2_3,hall_5141_1_8
hall_5141_2_3,hall_5141_1_8
hall_5141_3_7,hall_5141_1_8
hall_5105_3_1,hall_5147_1_2
hall_5141_3_7,hall_5141_1_8
hall_5105_3_1,hall_5147_1_2
stair_5_r_3,hall_5141_1_8
hall_5105_3_1,hall_5147_1_2
hall_5141_2_3,hall_5141_1_8
hall_5141_2_4,hall_5141_1_8
hall_5141_3_7,hall_5141_1_8
hall_5147_2_5,hall_5147_1_2
hall_5141_3_7,hall_5141_1_8
hall_5141_3_7,hall_5141_1_8
hall_5141_3_7,hall_5141_1_8
hall_5141_3_7,hall_5141_1_8
hall_5105_3_1,hall_5147_1_2
hall_5147_2_5,hall_5147_1_2
hall_5147_2_5,hall_5147_1_2
ev_5_3_4,hall_5145_1_1
ev_5_3_4,hall_5145_1_1
hall_5105_3_1,hall_5147_1_2
hall_5105_4_2,hall_5147_1_2
stair_5_r_3,hall_5141_2_8
ev_5_3_4,hall_5145_1_1
hall_5141_2_4,hall_5141_2_8
stair_5_r_3,hall_5141_2_8
stair_5_r_3,hall_5141_2_8
hall_5147_2_5,hall_5147_1_2
ev_5_3_4,hall_5145_1_1
stair_5_r_3,hall_5141_2_8
ev_5_3_4,hall_5145_1_1
stair_5_r_3,hall_5141_2_8
stair_5_r_3,hall_5141_2_8
stair_5_r_3,hall_5141_2_8
stair_5_r_3,hall_5141_2_8
hall_5147_2_5,hall_5145_1_1
stair_5_r_3,hall_5141_2_8
ev_5_3_4,hall_5145_1_1
ev_5_3_4,hall_5145_1_1
ev_5_3_4,hall_5145_1_1
ev_5_3_4,hall_5145_1_1
ev_5_3_4,hall_5145_1_1
hall_5103_4_1,hall_5145_1_1
hall_5147_2_5,hall_5147_1_3
hall_5141_1_2,hall_5141_2_7
hall_5141_1_2,hall_5141_2_7
hall_5141_1_2,hall_5141_2_7
hall_5105_4_2,hall_5147_1_3
hall_5141_1_2,hall_5141_2_7
ev_5_3_4,hall_5145_1_1
hall_5141_1_2,hall_5141_2_7
ev_5_3_3,hall_5147_1_3
ev_5_3_4,hall_5145_1_1
hall_5143_1_3,hall_5141_2_7
hall_5147_2_5,hall_5147_1_3
hall_5143_1_3,hall_5141_2_7
hall_5143_1_3,hall_5141_2_7
hall_5143_1_3,hall_5141_2_7
hall_5143_1_3,hall_5141_2_7
hall_5143_1_3,hall_5141_2_7
hall_5105_4_1,hall_5147_1_3
ev_5_3_3,hall_5147_1_3
hall_5105_4_1,hall_5147_1_3
ev_5_3_3,hall_5147_1_3
hall_5103_3_1,hall_5145_1_2
ev_5_3_1,hall_5147_1_3
ev_5_3_4,hall_5145_1_2
ev_5_3_4,hall_5145_1_2
hall_5147_2_5,hall_5147_1_3
ev_5_3_4,hall_5145_1_2
ev_5_3_4,hall_5145_1_2
hall_5103_3_1,hall_5145_1_2
hall_5147_2_5,hall_5147_1_3
ev_5_3_4,hall_5145_1_2
ev_5_3_1,hall_5147_1_3
ev_5_3_4,hall_5145_1_2
hall_5103_3_1,hall_5145_1_2
ev_5_3_4,hall_5145_1_2
ev_5_3_4,hall_5145_1_2
ev_5_3_3,hall_5147_1_3
ev_5_3_4,hall_5145_1_2
ev_5_3_1,hall_5147_1_3
ev_5_3_4,hall_5145_1_2
ev_5_3_4,hall_5145_1_2
hall_5105_4_1,hall_5147_1_3
hall_5147_2_5,hall_5145_1_2
hall_5147_2_5,hall_5147_1_3
ev_5_3_4,hall_5145_1_3
ev_5_3_4,hall_5145_1_3
hall_5147_2_1,hall_5147_1_4
hall_5147_2_5,hall_5145_1_3
ev_5_3_4,hall_5145_1_3
ev_5_3_3,hall_5145_1_3
ev_5_3_1,hall_5147_1_4
hall_5147_2_5,hall_5145_1_3
stair_5_l_0,hall_5147_1_4
hall_5134_1_1,hall_5145_1_3
ev_5_3_3,hall_5145_1_3
ev_5_3_3,hall_5145_1_3
ev_5_3_3,hall_5145_1_3
ev_5_3_4,hall_5145_1_3
hall_5147_2_5,hall_5145_1_3
hall_5145_2_1,hall_5145_1_4
ev_5_3_3,hall_5145_1_4
ev_5_3_3,hall_5145_1_4
ev_5_3_4,hall_5145_1_4
hall_5145_2_1,hall_5145_1_4
ev_5_3_4,hall_5145_1_4
ev_5_3_4,hall_5145_1_4
ev_5_3_3,hall_5147_1_4
ev_5_3_4,hall_5145_1_4
hall_5147_2_5,hall_5145_1_4
ev_5_3_3,hall_5145_1_4
hall_5145_2_2,hall_5147_1_5
hall_5147_2_5,hall_5145_1_5
hall_5147_2_7,hall_5147_1_5
hall_5147_2_7,hall_5147_1_5
hall_5145_2_1,hall_5147_1_5
hall_5147_2_7,hall_5147_1_5
ev_5_3_1,hall_5147_1_5
hall_5143_1_5,hall_5143_1_1
hall_5145_2_4,hall_5145_1_6
hall_5145_2_4,hall_5147_1_6
ev_5_3_2,hall_5147_1_6
hall_5145_2_4,hall_5145_1_6
hall_5145_1_3,hall_5147_1_6
hall_5145_2_4,hall_5147_1_6
hall_5145_1_6,hall_5147_1_6
hall_5103_2_1,hall_5145_2_6
hall_5143_2_1,hall_5145_2_6
hall_5143_1_4,hall_5143_1_1
hall_5103_5_2,hall_5145_2_6
hall_5143_1_5,hall_5143_1_1
hall_5145_2_3,hall_5145_2_6
hall_5143_1_2,hall_5145_2_6
hall_5147_2_5,hall_5147_1_7
hall_5147_2_5,hall_5147_1_7
hall_5147_2_4,hall_5147_1_7
hall_5147_2_5,hall_5147_1_7
hall_5141_2_4,hall_5141_3_7
hall_5147_2_5,hall_5147_1_7
hall_5145_1_3,hall_5145_2_5
hall_5147_2_5,hall_5147_1_7
hall_5147_2_4,hall_5147_1_7
hall_5143_1_4,hall_5143_1_1
stair_5_r_0,hall_5141_4_6
stair_5_r_0,hall_5141_4_6
stair_5_r_0,hall_5141_4_6
hall_5143_1_4,hall_5143_1_1
stair_5_r_0,hall_5141_4_6
stair_5_r_0,hall_5141_4_6
stair_5_r_0,hall_5141_4_6
stair_5_r_1,hall_5141_4_6
stair_5_r_0,hall_5141_4_6
hall_5145_1_2,hall_5147_1_7
stair_5_r_0,hall_5141_4_6
stair_5_r_0,hall_5141_4_6
stair_5_r_0,hall_5141_4_6
stair_5_r_0,hall_5141_4_6
stair_5_r_0,hall_5141_4_6
stair_5_r_0,hall_5141_4_6
stair_5_r_0,hall_5141_4_6
stair_5_r_0,hall_5141_4_6
hall_5147_2_5,hall_5147_1_7
stair_5_r_0,hall_5141_4_6
stair_5_r_0,hall_5141_4_6
stair_5_r_0,hall_5141_4_6
stair_5_r_0,hall_5141_4_6
stair_5_r_0,hall_5141_4_6
stair_5_r_0,hall_5141_4_6
stair_5_r_0,hall_5141_4_6
stair_5_r_1,hall_5141_4_6
stair_5_r_1,hall_5141_4_6
hall_5103_5_2,hall_5145_2_5
stair_5_r_1,hall_5141_4_6
stair_5_r_1,hall_5141_4_6
stair_5_r_1,hall_5141_4_6
hall_5147_2_5,hall_5147_1_7
stair_5_r_0,hall_5141_4_6
stair_5_r_0,hall_5141_4_6
hall_5145_2_3,hall_5147_1_7
stair_5_r_0,hall_5141_4_7
stair_5_r_0,hall_5141_4_7
stair_5_r_0,hall_5141_4_7
stair_5_r_0,hall_5141_4_7
stair_5_r_0,hall_5141_4_7
room_5143_9_4,hall_5141_4_7
hall_5141_1_1,hall_5141_4_7
stair_5_r_0,hall_5141_4_7
stair_5_r_0,hall_5141_4_7
stair_5_r_0,hall_5141_4_7
stair_5_r_0,hall_5141_4_7
stair_5_r_0,hall_5141_4_7
stair_5_r_0,hall_5141_4_7
ev_5_3_3,hall_5145_2_4
hall_5143_1_5,hall_5143_1_1
hall_5147_2_5,hall_5147_2_7
hall_5147_2_5,hall_5147_2_7
room_5143_1_2,hall_5147_2_7
hall_5145_1_6,hall_5145_2_4
hall_5134_1_1,hall_5145_2_4
hall_5147_2_5,hall_5147_2_7
ev_5_3_4,hall_5145_2_4
hall_5147_2_5,hall_5147_2_7
hall_5147_2_5,hall_5145_2_4
hall_5147_2_5,hall_5147_2_7
ev_5_3_3,hall_5145_2_4
hall_5147_2_5,hall_5147_2_7
ev_5_3_3,hall_5145_2_3
ev_5_2_6,ev_5_1_1
hall_5147_2_6,hall_5145_2_3
ev_5_3_4,hall_5145_2_3
hall_5134_1_1,hall_5145_2_3
ev_5_3_3,hall_5145_2_3
hall_5147_2_5,hall_5147_2_7
hall_5134_1_1,hall_5145_2_3
ev_5_3_4,hall_5145_2_3
ev_5_3_4,hall_5145_2_3
ev_5_3_4,hall_5145_2_3
ev_5_3_4,hall_5145_2_3
hall_5145_1_6,hall_5145_2_3
ev_5_3_4,hall_5145_2_3
ev_5_3_4,hall_5145_2_3
ev_5_3_4,hall_5145_2_3
ev_5_3_4,hall_5145_2_3
ev_5_3_4,hall_5145_2_3
ev_5_3_3,hall_5145_2_3
ev_5_3_4,hall_5145_2_2
ev_5_3_4,hall_5145_2_2
ev_5_3_4,hall_5145_2_2
hall_5145_1_3,hall_5147_2_6
ev_5_3_4,hall_5145_2_2
hall_5147_2_5,hall_5145_2_2
ev_5_3_4,hall_5145_2_2
ev_5_3_4,hall_5145_2_2
ev_5_3_4,hall_5145_2_2
ev_5_3_4,hall_5145_2_2
ev_5_3_4,hall_5145_2_2
ev_5_3_4,hall_5145_2_2
ev_5_3_4,hall_5145_2_2
ev_5_3_4,hall_5145_2_2
ev_5_3_4,hall_5145_2_2
ev_5_3_4,hall_5145_2_2
ev_5_3_3,hall_5145_2_2
ev_5_3_4,hall_5145_2_2
hall_5147_2_5,hall_5145_2_2
hall_5134_1_1,hall_5145_2_2
ev_5_3_4,hall_5145_2_2
hall_5147_2_5,hall_5145_2_2
ev_5_3_4,hall_5145_2_2
hall_5147_2_5,hall_5145_2_1
ev_5_3_4,hall_5145_2_1
hall_5147_2_5,hall_5145_2_1
hall_5145_1_3,hall_5145_2_1
ev_5_3_4,hall_5145_2_1
ev_5_3_4,hall_5145_2_1
ev_5_3_3,hall_5145_2_1
ev_5_3_4,hall_5145_2_1
ev_5_3_4,hall_5145_2_1
ev_5_3_3,hall_5145_2_1
ev_5_3_3,hall_5145_2_1
ev_5_3_4,hall_5145_2_1
ev_5_3_4,hall_5145_2_1
hall_5147_2_5,hall_5145_2_1
ev_5_3_4,hall_5145_2_1
ev_5_3_4,hall_5145_2_1
ev_5_3_3,hall_5145_2_1
hall_5147_2_5,hall_5145_2_1
ev_5_3_4,hall_5145_2_1
ev_5_3_4,hall_5145_2_1
ev_5_3_2,hall_5145_2_1
hall_5143_1_5,hall_5143_1_2
ev_5_3_4,hall_5145_2_1
ev_5_3_4,hall_5145_2_1
hall_5143_1_5,hall_5143_1_2
hall_5105_5_2,ev_5_3_1
ev_5_3_3,ev_5_3_1
ev_5_3_3,ev_5_3_1
ev_5_3_3,ev_5_3_1
ev_5_3_3,ev_5_3_1
ev_5_3_3,ev_5_3_1
ev_5_3_3,ev_5_3_1
ev_5_3_3,ev_5_3_1
ev_5_2_4,ev_5_3_1
ev_5_3_3,ev_5_3_1
ev_5_3_1,hall_5147_2_4
hall_5147_1_6,hall_5147_2_4
hall_5147_1_6,hall_5147_2_4
room_5143_1_2,hall_5147_2_4
ev_5_1_6,ev_5_2_2
hall_5105_4_1,hall_5147_2_4
ev_5_1_5,ev_5_2_1
ev_5_3_1,hall_5147_2_4
ev_5_3_1,ev_5_3_3
hall_5105_4_1,hall_5147_2_3
ev_5_3_1,hall_5147_2_3
ev_5_3_3,hall_5147_2_3
ev_5_3_3,hall_5147_2_3
hall_5147_2_5,hall_5147_2_3
hall_5105_3_1,hall_5147_2_3
ev_5_3_4,hall_5147_2_3
hall_5105_3_2,hall_5147_2_3
ev_5_3_3,hall_5147_2_3
hall_5105_3_1,hall_5147_2_3
hall_5105_4_1,hall_5147_2_3
hall_5143_1_4,hall_5143_1_2
ev_5_3_3,hall_5147_2_3
ev_5_3_3,hall_5147_2_3
ev_5_3_1,hall_5147_2_3
hall_5105_4_1,hall_5147_2_3
hall_5143_1_5,hall_5143_1_2
hall_5105_3_2,hall_5147_2_3
ev_5_3_2,hall_5147_2_3
ev_5_3_4,hall_5147_2_3
hall_5103_5_1,hall_5147_2_3
hall_5147_2_5,hall_5147_2_3
hall_5145_1_3,ev_5_3_4
hall_5145_1_3,ev_5_3_4
hall_5105_5_2,hall_5147_2_2
hall_5105_4_1,hall_5147_2_2
ev_5_3_1,hall_5147_2_2
ev_5_3_1,hall_5147_2_2
ev_5_3_1,hall_5147_2_2
ev_5_3_1,hall_5147_2_2
hall_5105_3_1,hall_5147_2_2
hall_5103_5_1,hall_5147_2_2
hall_5105_3_1,hall_5147_2_2
hall_5103_5_1,hall_5147_2_2
hall_5147_1_4,hall_5147_2_2
ev_5_3_3,hall_5147_2_2
ev_5_3_1,hall_5147_2_2
hall_5105_4_1,hall_5147_2_2
hall_5105_3_1,hall_5147_2_2
hall_5105_3_1,hall_5147_2_2
ev_5_3_1,hall_5147_2_2
ev_5_3_1,hall_5147_2_2
hall_5143_1_2,hall_5143_1_4
hall_5147_1_4,hall_5147_2_2
hall_5147_2_4,hall_5147_2_2
ev_5_3_1,hall_5147_2_2
hall_5105_3_1,hall_5147_2_2
hall_5141_2_4,hall_5143_1_3
hall_5145_1_6,hall_5143_2_1
ev_5_3_3,hall_5147_2_1
hall_5145_1_6,hall_5143_2_1
hall_5145_1_6,hall_5143_2_1
hall_5145_1_6,hall_5143_2_1
hall_5145_1_6,hall_5143_2_1
hall_5141_2_3,hall_5143_1_5
hall_5141_2_3,hall_5143_1_5
hall_5145_2_5,hall_5143_2_2
hall_5145_1_6,hall_5143_2_2
hall_5145_1_6,hall_5143_2_2
hall_5145_1_6,hall_5143_2_2
hall_5105_3_1,hall_5147_2_1
hall_5143_1_2,hall_5143_1_5
hall_5143_1_1,hall_5143_1_5
hall_5143_2_1,hall_5143_2_3
hall_5145_1_5,hall_5143_2_3
room_5143_3_4,hall_5143_2_3
hall_5143_2_1,hall_5143_2_3
hall_5145_2_6,hall_5143_2_3
hall_5128_5_1,hall_5128_1_1
hall_5105_3_1,hall_5128_1_1
hall_5105_5_2,hall_5128_1_1
hall_5128_5_1,hall_5128_1_1
hall_5128_5_1,hall_5128_1_1
hall_5128_5_1,hall_5128_1_1
hall_5128_5_1,hall_5128_1_1
hall_5128_5_1,hall_5128_1_1
hall_5128_5_1,hall_5128_1_1
hall_5128_5_1,hall_5128_1_1
hall_5105_4_1,hall_5128_1_1
hall_5105_4_1,hall_5128_1_1
hall_5128_5_1,hall_5128_1_1
hall_5128_9_1,hall_5128_1_1
hall_5105_4_1,hall_5128_1_1
hall_5128_5_1,hall_5128_1_1
hall_5128_9_1,hall_5128_1_1
hall_5128_5_1,hall_5128_1_1
ev_6_1_4,hall_5128_1_1
hall_5128_9_1,hall_5128_1_1
hall_5128_5_1,hall_5128_1_1
hall_6147_1_4,hall_5128_1_1
room_5141_4_2,hall_5128_2_1
hall_5128_5_1,hall_5128_2_1
hall_5128_5_1,hall_5128_2_1
hall_5128_5_1,hall_5128_2_1
hall_5105_3_2,hall_5128_2_1
hall_5128_5_1,hall_5128_2_1
hall_5128_5_1,hall_5128_2_1
hall_5128_5_1,hall_5128_2_1
hall_5105_4_1,hall_5128_2_1
hall_5128_5_1,hall_5128_2_1
hall_5105_3_2,hall_5128_2_1
hall_5128_5_1,hall_5128_2_1
hall_5128_9_1,hall_5128_2_1
hall_5128_5_1,hall_5128_2_1
hall_5128_5_1,hall_5128_2_1
hall_5128_5_1,hall_5128_2_1
hall_5105_5_2,hall_5128_2_1
hall_5128_5_1,hall_5128_2_1
hall_5128_5_1,hall_5128_2_1
hall_5128_5_1,hall_5128_2_1
hall_5105_1_1,hall_5128_2_1
ev_5_1_3,hall_5128_2_1
ev_5_3_3,hall_5128_2_1
hall_5128_5_1,hall_5128_2_1
room_5141_7_1,hall_5128_2_1
hall_5105_4_1,hall_5128_2_1
hall_5128_5_1,hall_5128_3_1
hall_5128_9_1,hall_5128_3_1
hall_5128_5_1,hall_5128_3_1
room_6141_2_1,hall_5128_3_1
hall_5128_5_1,hall_5128_3_1
hall_5128_5_1,hall_5128_3_1
hall_5128_9_1,hall_5128_3_1
room_6141_5_4,hall_5128_3_1
hall_5128_5_1,hall_5128_3_1
hall_5128_5_1,hall_5128_3_1
hall_5128_5_1,hall_5128_3_1
hall_5105_3_2,hall_5128_3_1
hall_5128_5_1,hall_5128_3_1
hall_5128_5_1,hall_5128_3_1
hall_5128_5_1,hall_5128_3_1
hall_5103_3_1,hall_5103_5_1
hall_5128_5_1,hall_5128_3_1
hall_5128_5_1,hall_5128_3_1
hall_5128_5_1,hall_5128_3_1
hall_5128_9_1,hall_5128_3_1
hall_5103_2_1,hall_5103_5_1
hall_5128_5_1,hall_5128_3_1
hall_5128_5_1,hall_5128_3_1
hall_5128_5_1,hall_5128_3_1
hall_5128_5_1,hall_5128_3_1
hall_5128_5_1,hall_5128_3_1
hall_5105_4_1,hall_5128_3_1
hall_5105_3_2,hall_5128_3_1
hall_5128_9_1,hall_5128_3_1
hall_5128_5_1,hall_5128_3_1
hall_5103_3_1,hall_5103_5_2
hall_5128_5_1,hall_5128_9_1
hall_5103_3_1,hall_5103_5_2
hall_5128_5_1,hall_5128_9_1
hall_5105_3_2,hall_5128_9_1
hall_5128_5_1,hall_5128_9_1
hall_5105_3_1,hall_5105_5_1
hall_5103_2_1,hall_5103_5_2
hall_5128_5_1,hall_5128_9_1
hall_5105_1_1,hall_5128_9_1
hall_5105_3_1,hall_5105_5_1
hall_5128_5_1,hall_5128_9_1
hall_5105_3_2,hall_5105_5_1
hall_5103_3_1,hall_5103_5_2
hall_5128_5_1,hall_5128_9_1
hall_5105_3_2,hall_5105_5_1
hall_5128_1_2,hall_5128_9_1
hall_5103_4_2,hall_5105_5_1
hall_5103_4_1,hall_5105_5_1
hall_5128_5_1,hall_5128_9_1
hall_5128_5_1,hall_5128_9_1
hall_5105_3_1,hall_5105_5_1
hall_5105_3_1,hall_5105_5_1
ev_5_3_2,hall_5105_5_1
hall_5105_3_1,hall_5105_5_1
hall_5103_1_1,hall_5103_4_1
hall_5105_3_2,hall_5105_5_1
hall_5103_1_1,hall_5103_4_1
hall_5103_1_1,hall_5103_4_1
hall_5105_2_2,hall_5105_4_1
hall_5105_1_1,hall_5105_3_1
hall_5105_1_1,hall_5105_3_1
hall_5132_3_1,hall_5130_1_1
hall_5132_2_1,hall_5130_1_1
hall_5105_5_2,hall_5105_2_1
hall_5105_4_1,hall_5105_2_1
hall_5132_3_1,hall_5130_1_1
hall_5132_3_1,hall_5130_1_1
hall_5132_3_1,hall_5130_1_1
hall_5105_4_1,hall_5105_2_1
hall_6147_2_1,hall_5130_1_1
hall_5132_3_1,hall_5130_1_1
hall_5103_5_2,hall_5103_3_1
hall_5105_5_2,hall_5105_2_1
hall_5105_4_2,hall_5105_2_1
hall_5132_2_1,hall_5130_2_1
hall_6147_2_1,hall_5130_2_1
hall_5132_2_1,hall_5130_2_1
hall_5132_2_1,hall_5130_2_1
hall_5132_2_1,hall_5130_2_1
hall_5132_2_1,hall_5130_2_1
ev_6_1_2,hall_5130_2_1
hall_5132_2_1,hall_5130_2_1
ev_6_1_2,hall_5130_2_1
hall_5132_2_1,hall_5130_2_1
ev_6_3_2,hall_5130_2_1
hall_5103_1_1,hall_5103_3_1
ev_6_3_2,hall_5130_2_1
hall_6147_2_1,hall_5130_2_1
hall_5103_5_2,hall_5103_3_1
hall_5105_3_1,hall_5105_1_1
hall_5132_2_1,hall_5130_3_1
hall_5105_4_2,hall_5105_1_1
hall_5132_2_1,hall_5130_3_1
hall_5132_3_1,hall_5130_3_1
hall_5105_4_2,hall_5105_1_1
hall_5130_1_1,hall_5130_3_1
hall_5105_3_2,hall_5105_1_1
hall_5132_2_1,hall_5130_3_1
hall_5105_4_1,hall_5105_1_1
hall_5132_2_1,hall_5130_3_1
hall_5103_5_2,hall_5103_3_1
hall_5132_2_1,hall_5130_3_1
hall_5130_1_1,hall_5130_3_1
hall_5105_3_1,hall_5105_1_1
hall_5132_2_1,hall_5130_3_1
hall_5132_3_1,hall_5130_3_1
hall_5132_2_1,hall_5130_3_1
hall_5132_3_1,hall_5130_3_1
hall_5105_3_1,hall_5105_1_1
hall_5132_2_1,hall_5130_3_1
hall_5132_2_1,hall_5130_3_1
hall_5105_3_1,hall_5105_1_1
hall_5132_3_1,hall_5130_3_1
hall_5132_2_1,hall_5130_3_1
hall_5132_2_1,hall_5130_3_1
room_6141_5_1,hall_5130_3_1
stair_5_l_0,hall_5105_1_1
hall_5132_3_1,hall_5130_3_1
hall_6147_2_1,hall_5130_3_1
hall_5132_1_1,hall_5130_3_1
hall_5130_1_1,hall_5130_3_1
hall_5105_3_1,hall_5105_1_1
hall_5130_1_1,hall_5130_3_1
hall_5130_1_1,hall_5130_3_1
hall_5130_1_1,hall_5130_3_1
hall_5103_4_1,hall_5103_2_1
hall_5132_3_1,hall_5130_3_1
hall_6141_1_12,hall_5130_3_1
hall_5134_1_1,hall_5130_3_1
hall_5130_1_1,hall_5130_3_1
ev_5_3_3,hall_5103_2_1
hall_5132_2_1,hall_5130_3_1
hall_5105_3_1,hall_5105_1_2
hall_5103_4_1,hall_5103_2_1
hall_5132_3_1,hall_5132_1_1
hall_5103_4_1,hall_5103_2_1
hall_5105_3_1,hall_5105_1_2
hall_5132_3_1,hall_5132_1_1
hall_5105_3_1,hall_5105_1_2
hall_5132_3_1,hall_5132_1_1
hall_5132_3_1,hall_5132_1_1
hall_5132_3_1,hall_5132_1_1
hall_5132_3_1,hall_5132_1_1
hall_5134_1_1,hall_5132_1_1
hall_5103_4_1,hall_5103_2_2
hall_5132_3_1,hall_5132_1_1
hall_5134_1_1,hall_5132_1_1
hall_5132_3_1,hall_5132_1_1
hall_5103_4_1,hall_5103_2_2
hall_5132_3_1,hall_5132_1_1
hall_5103_4_1,hall_5103_1_1
hall_5103_4_1,hall_5103_1_1
hall_5107_5_1,hall_5105_3_2
hall_5107_5_1,hall_5105_3_2
hall_5107_4_1,hall_5103_1_2
hall_5132_3_1,hall_5134_1_1
hall_5132_3_1,hall_5134_1_1
hall_5132_3_1,hall_5134_1_1
hall_5107_5_1,hall_5105_3_2
hall_5132_3_1,hall_5134_1_1
hall_5132_3_1,hall_5134_1_1
hall_5132_3_1,hall_5134_1_1
hall_5132_3_1,hall_5134_1_1
hall_5103_5_1,hall_5105_4_2
hall_5107_3_1,hall_5107_5_1
hall_5107_1_2,hall_5107_5_1
hall_5132_3_1,hall_5134_1_1
hall_5103_1_2,hall_5107_5_1
hall_5107_1_1,hall_5107_5_1
hall_5107_3_2,hall_5107_5_1
hall_5105_2_2,hall_5105_4_2
hall_5107_1_2,hall_5107_5_1
hall_5103_2_2,hall_5107_5_2
hall_5103_1_1,hall_5107_5_2
hall_5107_1_2,hall_5107_5_2
hall_5105_3_2,hall_5105_5_2
hall_5107_2_1,hall_5107_4_1
hall_5107_5_1,hall_5105_5_2
hall_5103_5_1,hall_5105_5_2
hall_5105_3_1,hall_5105_5_2
hall_5103_1_1,hall_5107_4_1
hall_5105_3_2,hall_5105_5_2
hall_5103_5_2,hall_5107_4_1
hall_5107_1_1,hall_5107_4_1
hall_5105_3_1,hall_5105_5_2
hall_5105_3_1,hall_5105_5_2
hall_5107_1_1,hall_5107_4_2
hall_5107_1_1,hall_5107_4_2
hall_5107_1_2,hall_5107_4_2
hall_5107_1_2,hall_5107_4_2
hall_5105_2_2,hall_5109_5_1
hall_5105_2_2,hall_5109_5_1
hall_5105_3_2,hall_5109_5_1
hall_5105_3_2,hall_5109_5_1
hall_5107_5_1,hall_5109_5_1
hall_5105_3_2,hall_5109_5_1
hall_5105_3_2,hall_5109_5_1
hall_5105_3_2,hall_5109_5_1
hall_5105_3_2,hall_5109_5_1
hall_5105_5_2,hall_5109_5_1
hall_5105_2_2,hall_5109_5_1
hall_5105_3_2,hall_5109_5_1
hall_5105_5_2,hall_5109_5_1
hall_5105_3_2,hall_5109_5_1
hall_5105_3_2,hall_5109_5_1
hall_5105_2_2,hall_5109_5_1
hall_5105_3_1,hall_5109_5_1
hall_5105_3_2,hall_5109_5_1
hall_5105_2_2,hall_5109_5_1
hall_5105_3_2,hall_5109_5_1
hall_5105_5_2,hall_5109_5_1
hall_5107_5_1,hall_5109_5_1
toilet_5_5_0,hall_toilet5_2_1
toilet_5_5_0,hall_toilet5_2_1
toilet_5_5_0,hall_toilet5_2_1
hall_5105_3_2,hall_5109_5_1
toilet_5_5_0,hall_toilet5_2_1
toilet_5_5_0,hall_toilet5_2_1
stair_5_l_0,hall_toilet5_1_1
hall_5105_3_1,hall_5109_5_1
hall_6141_1_12,hall_toilet5_1_1
hall_5105_2_2,hall_5109_5_1
stair_5_l_0,hall_toilet5_1_1
hall_5105_2_2,hall_5109_5_1
stair_5_l_0,hall_toilet5_1_1
hall_5105_2_2,hall_5109_5_1
stair_5_l_0,hall_toilet5_1_1
hall_5105_3_2,hall_5109_5_1
stair_5_l_0,hall_toilet5_1_1
hall_5105_2_2,hall_5109_5_1
stair_5_l_0,hall_toilet5_1_1
stair_5_l_0,hall_toilet5_1_1
stair_5_l_0,hall_toilet5_1_1
hall_5107_1_1,hall_5107_3_2
stair_5_l_0,hall_toilet5_1_1
stair_5_l_0,hall_toilet5_1_1
stair_5_l_0,hall_toilet5_1_1
stair_5_l_0,hall_toilet5_1_1
stair_5_l_0,hall_toilet5_1_1
hall_5105_3_1,hall_5109_5_1
stair_5_l_0,hall_toilet5_1_1
stair_5_l_0,hall_toilet5_1_1
stair_5_l_0,hall_toilet5_1_1
stair_5_l_0,hall_toilet5_1_1
toilet_5_5_0,hall_toilet5_1_1
hall_5105_3_2,hall_toilet5_1_1
stair_5_l_0,hall_toilet5_1_1
hall_5105_5_2,hall_5109_4_1
stair_5_l_0,hall_toilet5_1_1
hall_5105_3_1,hall_5109_4_1
hall_5105_3_2,hall_5109_4_1
stair_5_l_0,hall_toilet5_1_1
hall_5105_3_2,hall_5109_4_1
hall_5107_1_1,hall_5107_3_2
hall_5105_3_1,hall_5109_4_1
hall_5105_2_2,hall_5109_4_1
stair_5_l_0,hall_toilet5_1_1
hall_5107_1_1,hall_5107_3_2
hall_5105_3_2,hall_5109_4_1
hall_5105_2_2,hall_5109_4_1
hall_5105_4_2,hall_5109_4_1
hall_5105_4_1,hall_5109_4_1
hall_5132_3_1,hall_toilet5_1_2
hall_5105_3_1,hall_5109_4_1
hall_5105_3_1,hall_5109_4_1
stair_5_l_0,hall_toilet5_1_2
hall_5105_2_2,hall_5109_4_1
hall_5105_2_2,hall_5109_4_1
stair_5_l_0,hall_toilet5_1_2
hall_5105_2_2,hall_5109_4_1
hall_6141_1_12,hall_toilet5_1_2
hall_5105_2_2,hall_5109_4_1
hall_5134_1_1,hall_toilet5_1_2
hall_5105_2_2,hall_5109_4_1
hall_5134_1_1,hall_toilet5_1_2
hall_5105_3_1,hall_5109_4_1
hall_5132_3_1,hall_toilet5_1_2
hall_5105_2_2,hall_5109_4_1
hall_6141_1_12,hall_toilet5_1_2
hall_5105_3_2,hall_5109_4_1
hall_5105_2_2,hall_5109_4_1
hall_5134_1_1,hall_toilet5_1_2
hall_5105_2_2,hall_5109_4_1
hall_5105_2_2,hall_5109_4_1
hall_5134_1_1,hall_toilet5_1_2
stair_5_l_0,hall_toilet5_1_2
hall_5105_2_2,hall_5109_4_1
hall_5134_1_1,hall_toilet5_1_2
hall_5105_2_2,hall_5109_4_1
hall_5105_3_2,hall_toilet5_1_2
hall_5105_2_2,hall_5109_4_1
stair_5_l_0,hall_toilet5_1_2
hall_5105_3_1,hall_5109_4_1
hall_6141_1_12,hall_toilet5_1_2
hall_5105_4_1,hall_5109_4_1
stair_5_l_0,hall_toilet5_1_2
hall_5105_2_2,hall_5109_4_1
hall_5105_5_2,hall_5109_4_1
hall_5105_3_2,hall_5109_3_1
hall_5107_4_1,hall_5107_2_1
hall_5130_1_1,hall_toilet5_1_2
hall_5105_3_2,hall_5109_3_1
hall_5105_3_2,hall_5109_3_1
hall_5105_3_2,hall_5109_3_1
hall_5105_3_2,hall_5109_3_1
hall_5105_2_2,hall_5109_3_1
hall_5105_3_2,hall_5109_3_1
hall_5130_1_1,hall_toilet5_1_3
hall_5107_5_1,hall_5109_3_1
stair_5_l_0,hall_toilet5_1_3
hall_5105_3_2,hall_5109_3_1
hall_6141_1_12,hall_toilet5_1_3
hall_5105_2_2,hall_5109_3_1
stair_5_l_0,hall_toilet5_1_3
hall_5105_3_2,hall_5109_3_1
hall_5107_5_1,hall_5109_3_1
stair_5_l_0,hall_toilet5_1_3
hall_5105_3_2,hall_5109_3_1
stair_5_l_0,hall_toilet5_1_3
hall_5105_3_2,hall_5109_3_1
stair_5_l_0,hall_toilet5_1_3
hall_5105_2_2,hall_5109_3_1
stair_5_l_0,hall_toilet5_1_3
stair_5_l_0,hall_toilet5_1_3
hall_5105_3_2,hall_5109_3_1
ev_6_3_2,hall_toilet5_1_3
stair_5_l_0,hall_toilet5_1_3
stair_5_l_0,hall_toilet5_1_3
hall_5105_1_1,hall_5109_3_1
stair_5_l_0,hall_toilet5_1_3
hall_5105_3_2,hall_5109_3_1
stair_5_l_0,hall_toilet5_1_3
room_6141_2_1,hall_toilet5_1_3
hall_5105_2_2,hall_5109_3_1
stair_5_l_0,hall_toilet5_1_3
hall_5105_3_2,hall_5109_3_1
stair_5_l_0,hall_toilet5_1_3
hall_5105_3_2,hall_5109_3_1
hall_5134_1_1,hall_toilet5_1_3
hall_5105_3_2,hall_5109_3_1
hall_5134_1_1,hall_toilet5_1_3
hall_5105_3_2,hall_5109_3_1
stair_5_l_0,hall_toilet5_1_3
hall_5105_3_2,hall_5109_3_1
hall_5105_3_2,hall_toilet5_1_3
hall_5134_1_1,hall_toilet5_1_3
stair_5_l_0,hall_toilet5_1_3
hall_5107_3_1,hall_5109_2_1
hall_5109_4_1,hall_5109_2_1
stair_5_l_0,hall_toilet5_1_3
hall_5107_3_2,hall_5109_2_1
stair_5_l_0,hall_toilet5_1_3
stair_5_l_0,hall_toilet5_1_3
hall_5109_4_1,hall_5109_2_1
hall_5105_3_2,hall_5109_2_1
hall_5105_2_2,hall_5109_2_1
hall_5105_3_2,hall_5109_2_1
hall_5109_4_1,hall_5109_2_1
hall_5109_4_1,hall_5109_2_1
ev_5_1_3,hall_toilet5_1_4
hall_5105_3_2,hall_5109_2_1
ev_5_1_3,hall_toilet5_1_4
hall_5105_2_2,hall_5109_2_1
stair_5_l_0,hall_toilet5_1_4
hall_5105_3_1,hall_5109_2_1
hall_5132_3_1,hall_toilet5_1_4
stair_5_l_0,hall_toilet5_1_4
hall_5109_4_1,hall_5109_2_1
hall_5132_2_1,hall_toilet5_1_4
hall_5109_4_1,hall_5109_2_1
hall_5132_3_1,hall_toilet5_1_4
hall_5105_2_2,hall_5109_2_1
ev_6_3_2,hall_toilet5_1_4
hall_5105_3_2,hall_5109_2_1
hall_5132_3_1,hall_toilet5_1_4
hall_5105_2_2,hall_5109_2_1
hall_5134_1_1,hall_toilet5_1_4
hall_5105_3_2,hall_5109_2_1
hall_5132_3_1,hall_toilet5_1_4
hall_5107_4_1,hall_5107_1_1
hall_5105_2_2,hall_5109_2_1
room_6141_2_1,hall_toilet5_1_4
hall_5107_4_1,hall_5107_1_1
room_5143_5_4,hall_5109_2_1
hall_5134_1_1,hall_toilet5_1_4
hall_5105_2_2,hall_5109_2_1
ev_6_3_2,hall_toilet5_1_4
hall_5105_4_2,hall_5109_2_1
ev_6_3_2,hall_toilet5_1_4
hall_5109_4_1,hall_5109_2_1
hall_5132_3_1,hall_toilet5_1_4
ev_5_1_3,hall_toilet5_1_4
hall_5105_2_2,hall_5109_2_1
ev_6_1_2,hall_toilet5_1_4
hall_5105_2_2,hall_5109_2_1
hall_5132_3_1,hall_toilet5_1_4
hall_5105_2_2,hall_5109_2_1
hall_5132_3_1,hall_toilet5_1_4
hall_5105_3_2,hall_5109_2_1
ev_5_1_3,hall_toilet5_1_4
hall_5105_3_2,hall_5109_2_1
hall_5107_4_1,hall_5107_1_1
hall_5132_3_1,hall_toilet5_1_4
hall_5109_4_1,hall_5109_2_1
hall_5130_1_1,hall_toilet5_1_4
hall_5134_1_1,hall_toilet5_1_4
ev_6_1_2,hall_toilet5_1_4
ev_5_1_3,hall_toilet5_1_4
hall_5132_2_1,hall_toilet5_1_4
hall_5132_3_1,hall_toilet5_1_4
hall_6147_2_1,hall_toilet5_1_4
hall_5134_1_1,hall_toilet5_1_4
hall_5105_3_1,hall_5109_1_1
room_6141_2_1,hall_toilet5_1_5
hall_5105_2_2,hall_5109_1_1
hall_5132_2_1,hall_toilet5_1_5
hall_5105_2_2,hall_5109_1_1
hall_5132_2_1,hall_toilet5_1_5
hall_5105_2_2,hall_5109_1_1
hall_5132_3_1,hall_toilet5_1_5
hall_5105_3_1,hall_5109_1_1
ev_5_2_2,hall_toilet5_1_5
hall_5105_3_1,hall_5109_1_1
ev_5_1_3,hall_toilet5_1_5
hall_5132_2_1,hall_toilet5_1_5
hall_5107_3_2,hall_5107_1_2
hall_5132_2_1,hall_toilet5_1_5
hall_5105_2_2,hall_5109_1_1
hall_5132_2_1,hall_toilet5_1_5
hall_5105_2_2,hall_5109_1_1
hall_5132_2_1,hall_toilet5_1_5
hall_5132_2_1,hall_toilet5_1_5
hall_5132_2_1,hall_toilet5_1_5
hall_5132_2_1,hall_toilet5_1_5
hall_5132_2_1,hall_toilet5_1_5
hall_5105_2_2,hall_5109_1_1
hall_5132_2_1,hall_toilet5_1_5
hall_5105_3_1,hall_5109_1_1
hall_5109_3_1,hall_5107_1_2
ev_6_3_2,hall_toilet5_1_5
hall_5105_2_2,hall_5109_1_1
hall_5132_2_1,hall_toilet5_1_5
hall_6141_1_12,hall_toilet5_1_5
hall_5109_5_1,hall_5109_1_1
hall_5132_2_1,hall_toilet5_1_5
stair_5_l_0,hall_toilet5_1_5
hall_5105_3_1,hall_5109_1_1
ev_6_3_2,hall_toilet5_1_5
hall_5105_1_1,hall_5109_1_1
hall_5132_2_1,hall_toilet5_1_5
hall_5105_3_1,hall_5109_1_1
hall_5132_2_1,hall_toilet5_1_5
room_6141_2_1,hall_toilet5_1_5
hall_5132_2_1,hall_toilet5_1_5
hall_5105_3_1,hall_5109_1_1
hall_5132_2_1,hall_toilet5_1_5
hall_5132_2_1,hall_toilet5_1_5
hall_5105_3_1,hall_5109_1_1
hall_5132_2_1,hall_toilet5_1_5
hall_5105_2_2,hall_5109_1_1
hall_5132_2_1,hall_toilet5_1_5
hall_5132_2_1,hall_toilet5_1_5
hall_6141_2_4,hall_6141_1_1
hall_6144_1_4,hall_6141_1_1
room_6141_2_5,hall_6141_1_1
room_6141_2_4,hall_6141_1_2
room_6141_2_5,hall_6141_1_2
hall_6141_3_10,hall_6141_1_2
hall_6141_2_9,hall_6141_1_2
hall_6141_2_5,hall_6141_1_2
hall_6141_2_6,hall_6141_1_3
room_6141_2_4,hall_6141_1_3
hall_6141_1_1,hall_6141_1_3
hall_6141_2_5,hall_6141_1_3
hall_6103_5_1,hall_6141_1_3
hall_6141_2_5,hall_6141_1_3
room_6141_2_4,hall_6141_1_4
hall_6141_2_2,hall_6141_1_4
hall_6141_1_2,hall_6141_1_4
hall_6141_1_2,hall_6141_1_4
room_6141_2_4,hall_6141_1_4
hall_6141_2_8,hall_6141_1_4
hall_6141_1_2,hall_6141_1_4
hall_6141_1_1,hall_6141_1_4
hall_6141_1_1,hall_6141_1_4
hall_6141_1_1,hall_6141_1_4
hall_6141_1_9,hall_6141_1_4
hall_6141_1_6,hall_6141_1_4
hall_6141_1_6,hall_6141_1_4
room_6141_2_4,hall_6141_1_4
room_6141_2_4,hall_6141_1_4
hall_5145_1_6,hall_6141_1_4
room_6141_2_4,hall_6141_1_5
hall_6141_1_1,hall_6141_1_5
hall_6141_2_9,hall_6141_1_5
hall_6141_1_2,hall_6141_1_5
hall_6141_1_2,hall_6141_1_5
room_6141_2_4,hall_6141_1_5
hall_6141_1_2,hall_6141_1_5
hall_6141_1_1,hall_6141_1_5
room_6141_2_5,hall_6141_1_5
hall_6141_2_4,hall_6141_1_6
hall_6141_1_8,hall_6141_1_6
hall_6141_1_2,hall_6141_1_6
hall_6141_1_2,hall_6141_1_6
hall_6141_1_2,hall_6141_1_6
hall_6141_1_8,hall_6141_1_6
hall_6141_1_5,hall_6141_1_7
hall_6141_1_5,hall_6141_1_7
hall_6141_1_4,hall_6141_1_7
hall_6141_1_5,hall_6141_1_7
hall_6141_1_9,hall_6141_1_7
hall_6141_2_3,hall_6141_1_7
hall_6141_1_9,hall_6141_1_7
room_6141_2_3,hall_6141_1_8
hall_6141_1_3,hall_6141_1_8
hall_6141_1_6,hall_6141_1_8
hall_6141_1_6,hall_6141_1_8
hall_6141_1_1,hall_6141_1_8
hall_6141_2_6,hall_6141_1_9
hall_6141_2_5,hall_6141_1_9
room_6141_1_4,hall_6141_2_9
hall_6141_2_3,hall_6141_2_9
hall_6141_2_4,hall_6141_2_8
hall_6141_3_10,hall_6141_2_8
room_6141_1_7,hall_6141_2_8
hall_6141_2_3,hall_6141_2_8
hall_6141_2_5,hall_6141_2_8
hall_6141_2_3,hall_6141_2_8
hall_6141_2_9,hall_6141_2_7
room_6141_3_4,hall_6141_2_7
hall_6141_2_3,hall_6141_2_7
room_6141_1_7,hall_6141_2_7
room_6141_1_7,hall_6141_2_7
hall_6141_2_9,hall_6141_2_6
hall_6141_2_9,hall_6141_2_6
hall_6141_2_9,hall_6141_2_6
hall_6141_2_9,hall_6141_2_6
room_6141_1_7,hall_6141_2_6
hall_6141_2_4,hall_6141_2_6
hall_6141_3_10,hall_6141_2_5
hall_6141_2_9,hall_6141_2_5
hall_6141_2_1,hall_6141_2_5
room_6141_1_7,hall_6141_2_5
room_6141_2_2,hall_6141_2_5
hall_6141_2_1,hall_6141_2_4
room_6141_1_4,hall_6141_2_4
room_6141_2_5,hall_6141_2_4
hall_6141_2_2,hall_6141_2_4
room_6141_2_5,hall_6141_2_4
room_6141_1_6,hall_6141_2_4
hall_6141_2_1,hall_6141_2_4
room_6141_1_7,hall_6141_2_4
hall_6141_2_9,hall_6141_2_4
room_6141_1_7,hall_6141_2_4
hall_6141_2_6,hall_6141_2_3
hall_6141_2_8,hall_6141_2_3
room_6141_1_2,hall_6141_2_3
hall_6141_2_7,hall_6141_2_3
hall_6141_2_1,hall_6141_2_3
room_6141_1_4,hall_6141_2_3
room_6141_1_4,hall_6141_2_2
room_6141_1_4,hall_6141_2_2
hall_6141_2_6,hall_6141_2_2
hall_6141_2_6,hall_6141_2_2
hall_6141_2_9,hall_6141_2_2
room_6141_2_5,hall_6141_2_1
room_6141_2_5,hall_6141_2_1
room_6141_2_5,hall_6141_2_1
hall_6141_2_4,hall_6141_2_1
room_6141_1_2,hall_6141_2_1
hall_6144_1_3,hall_6141_2_1
room_6141_2_5,hall_6141_2_1
room_6141_3_3,room_6141_3_1
room_6141_6_4,room_6141_2_1
room_6141_9_1,room_6141_2_1
room_6141_7_3,room_6141_1_1
hall_6144_2_8,room_6141_2_2
room_6141_6_2,room_6141_2_2
hall_6144_2_8,room_6141_2_2
room_6141_1_8,room_6141_1_2
room_6141_6_6,room_6141_2_2
room_6141_6_6,room_6141_2_2
hall_6147_1_1,room_6141_1_2
room_6141_2_5,room_6141_2_3
room_6141_2_7,room_6141_2_3
room_6141_1_7,room_6141_1_3
room_6141_2_5,room_6141_2_3
room_6141_2_5,room_6141_2_3
hall_6141_2_7,room_6141_1_3
room_6141_7_1,room_6141_2_3
room_6141_2_5,room_6141_2_3
room_6141_1_7,room_6141_1_3
room_6141_3_7,room_6141_4_2
room_6141_1_7,room_6141_1_3
room_6141_1_7,room_6141_1_3
room_6141_1_7,room_6141_1_4
room_6141_1_8,room_6141_1_4
room_6141_7_3,room_6141_1_4
room_6141_3_4,room_6141_1_4
room_6141_1_7,room_6141_1_4
room_6141_1_7,room_6141_1_4
room_6141_1_7,room_6141_1_4
room_6141_7_3,room_6141_1_4
room_6141_1_7,room_6141_1_4
room_6141_1_2,room_6141_1_5
room_6141_1_7,room_6141_1_5
room_6141_1_7,room_6141_1_5
room_6141_3_2,room_6141_1_5
room_6141_1_7,room_6141_1_5
room_6141_2_8,room_6141_2_5
room_6141_4_3,room_6141_1_5
room_6141_1_7,room_6141_1_5
room_6141_1_2,room_6141_1_5
room_6141_2_8,room_6141_2_6
room_6141_2_8,room_6141_2_6
room_6141_2_8,room_6141_2_6
room_6141_2_8,room_6141_2_6
room_6141_8_3,room_6141_5_1
hall_6141_1_10,room_6141_1_6
room_6141_1_4,room_6141_1_6
hall_6141_3_10,room_6141_2_7
room_6141_9_3,room_6141_2_7
room_6141_1_8,room_6141_1_6
room_6141_1_4,room_6141_1_6
room_6141_9_5,room_6141_2_7
room_6141_9_2,room_6141_2_7
room_6141_2_6,room_6141_2_8
room_6141_2_6,room_6141_2_8
hall_6141_1_5,room_6141_2_8
room_6141_2_4,room_6141_2_8
room_6141_1_2,room_6141_1_7
hall_6141_1_6,room_6141_2_8
room_6141_7_4,room_6141_1_8
room_6141_1_1,room_6141_1_8
room_6141_9_3,room_6141_6_1
room_6141_6_8,room_6141_6_1
room_6141_6_5,room_6141_6_1
room_6141_7_1,room_6141_1_8
room_6141_6_4,room_6141_6_1
room_6141_7_4,room_6141_1_8
room_6141_1_4,room_6141_1_8
room_6141_6_3,room_6141_6_1
room_6141_6_8,room_6141_6_1
room_6141_6_8,room_6141_6_1
room_6141_7_3,room_6141_1_8
room_6141_6_4,room_6141_6_1
room_6141_6_4,room_6141_6_1
room_6141_6_4,room_6141_6_2
room_6141_6_8,room_6141_6_2
room_6141_6_8,room_6141_6_2
room_6141_6_5,room_6141_6_2
room_6141_9_2,room_6141_6_2
room_6141_6_8,room_6141_6_2
room_6141_6_5,room_6141_6_3
room_6141_6_5,room_6141_6_3
room_6141_6_8,room_6141_6_3
room_6141_9_5,room_6141_6_3
room_6141_9_5,room_6141_6_3
room_6141_2_7,room_6141_6_3
room_6141_9_5,room_6141_6_3
room_6141_6_8,room_6141_6_5
hall_6141_3_10,room_6141_6_5
hall_5143_1_5,room_6141_6_5
room_6141_6_8,room_6141_6_5
room_6141_6_3,room_6141_6_5
room_6141_9_5,room_6141_6_6
room_6141_9_5,room_6141_6_6
room_6141_6_4,room_6141_6_6
room_6141_9_5,room_6141_6_7
room_6141_8_1,room_6141_7_3
room_6141_9_4,room_6141_6_7
room_6141_9_4,room_6141_6_7
room_6141_9_4,room_6141_6_7
room_6141_9_4,room_6141_6_7
room_6141_9_4,room_6141_6_7
room_6141_9_4,room_6141_6_7
room_6141_9_7,room_6141_7_3
room_6141_2_7,room_6141_6_8
room_6141_9_2,room_6141_6_8
room_6141_7_7,room_6141_7_4
room_6141_6_3,room_6141_6_8
room_6141_9_4,room_6141_6_8
room_6141_9_4,room_6141_6_8
room_6141_9_2,room_6141_6_8
room_6141_7_7,room_6141_7_4
room_6141_9_3,room_6141_9_1
room_6141_9_3,room_6141_9_1
room_6141_7_2,room_6141_7_5
room_6141_7_3,room_6141_7_5
room_6141_7_4,room_6141_7_6
room_6141_7_4,room_6141_7_6
room_6141_7_4,room_6141_7_6
room_6141_7_4,room_6141_7_6
room_6141_7_4,room_6141_7_6
room_6141_7_4,room_6141_7_6
room_6141_7_4,room_6141_7_6
room_6141_7_4,room_6141_7_6
hall_6141_1_5,room_6141_9_3
room_6141_7_4,room_6141_7_6
room_6141_7_4,room_6141_7_6
room_6141_7_4,room_6141_7_6
room_6141_7_4,room_6141_7_6
room_6141_7_4,room_6141_7_6
room_6141_7_4,room_6141_7_6
room_6141_7_4,room_6141_7_6
room_6141_7_4,room_6141_7_6
room_6141_6_8,room_6141_9_3
room_6141_7_4,room_6141_7_6
room_6141_6_4,room_6141_9_3
room_6141_7_4,room_6141_7_7
room_6141_7_3,room_6141_7_7
room_6141_7_4,room_6141_7_8
room_6141_7_4,room_6141_7_8
room_6141_7_4,room_6141_7_8
hall_6141_1_12,hall_6141_1_10
room_6141_3_7,hall_6141_1_10
hall_5134_1_1,hall_6141_1_10
stair_5_r_3,hall_6141_2_10
hall_6141_1_12,hall_6141_1_10
hall_5141_1_1,hall_6141_2_10
hall_6141_1_4,hall_6141_2_10
hall_6141_1_4,hall_6141_2_10
hall_6141_1_4,hall_6141_2_10
hall_6141_1_12,hall_6141_1_10
hall_6141_1_12,hall_6141_1_10
hall_5141_1_1,hall_6141_2_10
room_6141_2_2,hall_6141_1_10
hall_5134_1_1,hall_6141_1_10
hall_5134_1_1,hall_6141_1_10
hall_5141_2_2,hall_6141_2_10
hall_5134_1_1,hall_6141_1_10
hall_5141_1_1,hall_6141_2_10
hall_6141_1_4,hall_6141_2_10
hall_6141_1_4,hall_6141_2_10
room_6141_2_2,hall_6141_1_10
hall_5141_1_4,hall_6141_2_10
hall_5141_1_4,hall_6141_2_10
hall_5141_1_4,hall_6141_2_10
room_6141_2_2,hall_6141_1_10
hall_5141_1_4,hall_6141_2_10
hall_5141_1_4,hall_6141_2_10
hall_6141_1_12,hall_6141_1_10
hall_6141_1_12,hall_6141_1_10
hall_5141_1_3,hall_6141_2_11
room_6141_2_2,hall_6141_1_10
hall_5141_1_3,hall_6141_2_11
hall_5141_1_3,hall_6141_2_11
hall_5141_1_3,hall_6141_2_11
room_6141_2_2,hall_6141_1_10
hall_5141_1_3,hall_6141_2_11
hall_6144_2_8,hall_6141_2_11
hall_6144_2_8,hall_6141_2_11
hall_6144_2_8,hall_6141_2_11
hall_6141_2_5,hall_6141_2_11
room_6141_9_2,hall_6141_2_11
hall_5134_1_1,hall_6141_1_10
hall_6141_1_8,hall_6141_2_11
room_6141_9_2,hall_6141_2_11
hall_5141_1_3,hall_6141_2_11
hall_5141_1_3,hall_6141_2_11
hall_5141_1_3,hall_6141_2_11
hall_6141_1_12,hall_6141_1_10
hall_5141_1_3,hall_6141_2_11
hall_5141_1_3,hall_6141_2_11
room_6141_7_2,hall_6141_2_11
room_6141_7_2,hall_6141_2_11
room_6141_7_2,hall_6141_2_11
room_6141_7_2,hall_6141_2_11
room_6141_7_2,hall_6141_2_11
hall_6141_1_12,hall_6141_1_10
hall_6141_1_12,hall_6141_1_10
hall_6141_1_12,hall_6141_1_10
room_6141_2_2,hall_6141_1_10
room_6141_2_2,hall_6141_1_11
hall_6144_2_8,hall_6141_2_12
hall_6144_2_8,hall_6141_2_12
hall_6144_2_8,hall_6141_2_12
hall_6144_2_8,hall_6141_2_12
hall_6144_2_8,hall_6141_2_12
hall_5141_1_4,hall_6141_2_12
hall_6141_1_6,hall_6141_2_12
hall_6141_1_6,hall_6141_2_12
hall_5141_1_1,hall_6141_2_12
hall_6144_2_8,hall_6141_2_12
hall_5134_1_1,hall_6141_1_11
hall_6144_2_8,hall_6141_2_12
hall_5141_1_1,hall_6141_2_12
room_6141_9_2,hall_6141_2_12
room_6141_9_2,hall_6141_2_12
hall_6144_2_8,hall_6141_2_12
room_6141_9_2,hall_6141_2_12
hall_6144_2_8,hall_6141_2_12
hall_6144_2_8,hall_6141_2_12
hall_6144_2_8,hall_6141_2_12
room_6141_2_2,hall_6141_1_11
hall_5141_1_4,hall_6141_2_12
room_6141_2_2,hall_6141_1_11
room_6141_2_5,hall_6141_1_11
room_6141_2_2,hall_6141_1_11
room_6141_9_5,hall_6141_3_11
room_6141_9_5,hall_6141_3_11
hall_5141_1_4,hall_6141_3_11
room_6141_3_1,hall_6141_1_11
hall_5141_1_1,hall_6141_4_10
hall_6141_2_10,hall_6141_4_10
room_6141_9_7,hall_6141_4_11
room_6141_9_7,hall_6141_4_11
room_6141_9_7,hall_6141_4_11
room_6141_9_7,hall_6141_4_11
room_6141_9_7,hall_6141_4_11
room_6141_9_7,hall_6141_4_11
ev_6_3_2,hall_6144_2_1
ev_6_3_5,hall_6144_1_1
room_6141_5_1,hall_6144_2_1
ev_6_2_5,hall_6144_2_1
hall_6147_1_7,hall_6144_2_2
ev_6_3_2,hall_6144_2_1
room_5143_2_4,hall_6144_2_1
ev_5_1_3,hall_6144_2_1
ev_6_2_5,hall_6144_2_1
hall_6147_2_1,hall_6144_2_1
room_5143_2_4,hall_6144_2_1
ev_6_2_5,hall_6144_2_1
room_5143_2_4,hall_6144_2_1
ev_6_2_5,hall_6144_2_1
room_5143_2_1,hall_6144_2_1
ev_6_3_2,hall_6144_2_1
room_5143_2_4,hall_6144_2_1
room_5143_2_1,hall_6144_2_1
room_5141_6_2,hall_6144_2_1
room_5143_2_1,hall_6144_2_1
ev_6_3_2,hall_6144_2_1
ev_6_3_2,hall_6144_2_1
ev_6_3_2,hall_6144_2_1
ev_6_3_2,hall_6144_2_1
room_6141_4_4,hall_6144_1_8
room_6141_2_2,hall_6144_1_8
hall_6141_1_12,hall_6144_1_8
hall_6141_1_12,hall_6144_1_8
hall_6141_1_12,hall_6144_1_8
hall_6141_1_12,hall_6144_1_8
room_5143_2_3,hall_6144_1_8
hall_6141_1_12,hall_6144_1_8
hall_6141_1_12,hall_6144_1_8
hall_6141_1_12,hall_6144_1_8
ev_5_2_2,hall_6144_1_8
room_6141_4_4,hall_6144_1_8
hall_6141_1_12,hall_6144_1_8
room_6141_2_1,hall_6144_1_8
hall_6141_1_12,hall_6144_1_8
hall_5132_3_1,hall_6144_1_8
room_6141_4_4,hall_6144_1_8
hall_6141_1_12,hall_6144_1_8
room_6141_4_4,hall_6144_1_8
room_6141_4_4,hall_6144_1_8
room_6141_4_4,hall_6144_1_8
hall_6141_1_12,hall_6144_1_8
room_6141_4_4,hall_6144_1_8
hall_6141_1_12,hall_6144_1_8
hall_6141_1_12,hall_6144_1_8
room_6141_4_4,hall_6144_1_8
room_6141_2_2,hall_6144_1_8
hall_6141_1_12,hall_6144_1_8
room_6141_2_2,hall_6144_1_8
hall_6141_1_12,hall_6144_1_8
room_6141_2_1,hall_6144_1_7
hall_6141_1_12,hall_6144_1_7
room_6141_1_8,hall_6144_1_7
room_6141_5_1,hall_6144_1_7
ev_5_1_3,hall_6144_1_7
hall_6147_2_1,hall_6144_1_7
room_6141_5_1,hall_6144_1_7
ev_5_2_2,hall_6144_1_7
ev_5_2_2,hall_6144_1_7
ev_5_2_2,hall_6144_1_7
room_6141_1_8,hall_6144_1_7
room_6141_2_1,hall_6144_1_7
room_6141_2_1,hall_6144_1_7
room_6141_4_4,hall_6144_1_7
room_6141_4_4,hall_6144_1_7
ev_5_1_3,hall_6144_1_7
room_6141_4_4,hall_6144_1_7
room_6141_8_2,hall_6144_1_7
room_6141_4_4,hall_6144_1_7
ev_5_1_3,hall_6144_1_7
room_6141_2_4,hall_6144_1_4
room_6141_2_1,hall_6144_1_7
room_6141_2_1,hall_6144_1_7
room_6141_2_1,hall_6144_1_7
ev_6_3_2,hall_6144_1_7
room_5143_2_3,hall_6147_2_7
hall_6141_1_12,hall_6147_2_7
hall_6103_3_1,hall_6147_1_1
ev_6_3_2,hall_6147_2_7
hall_6141_1_12,hall_6147_2_7
hall_6103_3_1,hall_6147_1_2
ev_6_3_2,hall_6147_2_2
hall_6103_3_1,hall_6147_1_2
ev_6_3_2,hall_6147_2_2
ev_6_1_1,hall_6147_2_2
ev_6_1_1,hall_6147_2_2
ev_6_1_1,hall_6147_2_2
ev_6_3_2,hall_6147_2_2
ev_6_3_2,hall_6147_2_2
ev_6_1_1,hall_6147_2_2
hall_6103_3_2,hall_6103_5_1
hall_6103_3_1,hall_6103_5_1
hall_5132_2_1,ev_6_2_1
hall_6103_3_1,hall_6103_5_1
hall_6103_3_1,hall_6103_5_1
room_5143_5_4,ev_6_2_1
hall_6103_2_2,hall_6103_5_1
hall_6147_1_5,ev_6_2_1
hall_6103_2_2,hall_6103_5_1
hall_6103_2_2,hall_6103_5_1
ev_6_1_3,ev_6_1_1
ev_6_3_3,ev_6_3_1
